{
  "view/View1.view.xml": 1769607282888,
  "model/models.js": 1769204415262,
  "model/attributes.json": 1769204675115,
  "controller/View1.controller.js": 1771572397333,
  "controller/Store.controller.js": 1771575857746,
  "controller/App.controller.js": 1770968542458,
  "manifest.json": 1770967540881,
  "Component.js": 1769520432369,
  "model/models-dbg.js": 1769204415262,
  "model/models.js.map": 1771577675110,
  "controller/View1-dbg.controller.js": 1771572397333,
  "controller/View1.controller.js.map": 1771577675124,
  "controller/Store-dbg.controller.js": 1771575857746,
  "controller/Store.controller.js.map": 1771577675149,
  "controller/App-dbg.controller.js": 1770968542458,
  "controller/App.controller.js.map": 1771577675111,
  "Component-dbg.js": 1769520432369,
  "Component.js.map": 1771577675113,
  "Component-preload.js": 1771577675274,
  "Component-preload.js.map": 1771577675274,
  "view/fragments/CreateStoreDialog.fragment.xml": 1769606839391,
  "view/fragments/AddAttributeDialog.Fragment.xml": 1769510475579,
  "i18n/i18n.properties": 1769204415262,
  "view/Store.view.xml": 1771577641552,
  "view/App.view.xml": 1770991333684,
  "images/sana.png": 1770968142040,
  "css/style.css": 1769601837767,
  "index.html": 1769517808989
}